<?xml version="1.0" encoding="UTF-8"?><rss version="2.0"
	xmlns:content="http://purl.org/rss/1.0/modules/content/"
	xmlns:wfw="http://wellformedweb.org/CommentAPI/"
	xmlns:dc="http://purl.org/dc/elements/1.1/"
	xmlns:atom="http://www.w3.org/2005/Atom"
	xmlns:sy="http://purl.org/rss/1.0/modules/syndication/"
	xmlns:slash="http://purl.org/rss/1.0/modules/slash/"
	>

<channel>
	<title>B &amp; B &#8211; rent homes</title>
	<atom:link href="./index.html" rel="self" type="application/rss+xml" />
	<link>./../../../index.html</link>
	<description>rent homes</description>
	<lastBuildDate>Wed, 15 Apr 2015 14:06:21 +0000</lastBuildDate>
	<language>en-US</language>
	<sy:updatePeriod>
	hourly	</sy:updatePeriod>
	<sy:updateFrequency>
	1	</sy:updateFrequency>
	<generator>https://wordpress.org/?v=6.1.1</generator>

<image>
	<url>./../../../wp-content/uploads/2023/01/Palm-realestate-logo-on-transparent-background-PNG-60x60.png</url>
	<title>B &amp; B &#8211; rent homes</title>
	<link>./../../../index.html</link>
	<width>32</width>
	<height>32</height>
</image> 
	<item>
		<title>Victorian Bed &#038; Breakfast</title>
		<link>./../../../properties/victorian-bed-breakfast/index.html</link>
					<comments>./../../../properties/victorian-bed-breakfast/index.html#respond</comments>
		
		<dc:creator><![CDATA[secure99]]></dc:creator>
		<pubDate>Wed, 15 Apr 2015 14:06:21 +0000</pubDate>
				<guid isPermaLink="false">http://demo1.wprentals.org/?post_type=estate_property&#038;p=115</guid>

					<description><![CDATA[3 rooms available in victorian home. One bus ride away from subway. Wifi, eat in kitchen, cable tshopsv, warm host family, and a small lovable dog. Full breakfast included in price. Few stores at end of street, and minutes from Mattapan Square. Attention! House is share host.]]></description>
										<content:encoded><![CDATA[<p>3 rooms available in victorian home. One bus ride away from subway. Wifi, eat in kitchen, cable tshopsv, warm host family, and a small lovable dog. Full breakfast included in price. Few stores at end of street, and minutes from Mattapan Square. Attention! House is share host.</p>
]]></content:encoded>
					
					<wfw:commentRss>./../../../properties/victorian-bed-breakfast/feed/index.html</wfw:commentRss>
			<slash:comments>0</slash:comments>
		
		
			</item>
		<item>
		<title>Beautiful Full Bed and Breakfast</title>
		<link>./../../../properties/beautiful-full-bed-breakfast/index.html</link>
					<comments>./../../../properties/beautiful-full-bed-breakfast/index.html#respond</comments>
		
		<dc:creator><![CDATA[secure99]]></dc:creator>
		<pubDate>Wed, 15 Apr 2015 14:00:56 +0000</pubDate>
				<guid isPermaLink="false">http://demo1.wprentals.org/?post_type=estate_property&#038;p=111</guid>

					<description><![CDATA[4 bedroom Victorian with an in law attic apartment. One bus ride away from subway. Wifi, eat in kitchen, cable tv, warm host family. And small loveable dog. Bathrooms are shared with host family. Full breakfast included in price.]]></description>
										<content:encoded><![CDATA[<p>4 bedroom Victorian with an in law attic apartment. One bus ride away from subway. Wifi, eat in kitchen, cable tv, warm host family. And small loveable dog. Bathrooms are shared with host family. Full breakfast included in price.</p>
]]></content:encoded>
					
					<wfw:commentRss>./../../../properties/beautiful-full-bed-breakfast/feed/index.html</wfw:commentRss>
			<slash:comments>0</slash:comments>
		
		
			</item>
	</channel>
</rss>
