<?xml version="1.0" encoding="UTF-8"?><rss version="2.0"
	xmlns:content="http://purl.org/rss/1.0/modules/content/"
	xmlns:wfw="http://wellformedweb.org/CommentAPI/"
	xmlns:dc="http://purl.org/dc/elements/1.1/"
	xmlns:atom="http://www.w3.org/2005/Atom"
	xmlns:sy="http://purl.org/rss/1.0/modules/syndication/"
	xmlns:slash="http://purl.org/rss/1.0/modules/slash/"
	>

<channel>
	<title>Air Conditioner &#8211; rent homes</title>
	<atom:link href="./index.html" rel="self" type="application/rss+xml" />
	<link>./../../../index.html</link>
	<description>rent homes</description>
	<lastBuildDate>Mon, 23 Jan 2023 10:52:33 +0000</lastBuildDate>
	<language>en-US</language>
	<sy:updatePeriod>
	hourly	</sy:updatePeriod>
	<sy:updateFrequency>
	1	</sy:updateFrequency>
	<generator>https://wordpress.org/?v=6.1.1</generator>

<image>
	<url>./../../../wp-content/uploads/2023/01/Palm-realestate-logo-on-transparent-background-PNG-60x60.png</url>
	<title>Air Conditioner &#8211; rent homes</title>
	<link>./../../../index.html</link>
	<width>32</width>
	<height>32</height>
</image> 
</channel>
</rss>
