<?xml version="1.0" encoding="UTF-8"?><rss version="2.0"
	xmlns:content="http://purl.org/rss/1.0/modules/content/"
	xmlns:dc="http://purl.org/dc/elements/1.1/"
	xmlns:atom="http://www.w3.org/2005/Atom"
	xmlns:sy="http://purl.org/rss/1.0/modules/syndication/"
	
	>
<channel>
	<title>
	Comments on: 5 Best Budget Vacations	</title>
	<atom:link href="./index.html" rel="self" type="application/rss+xml" />
	<link>./../index.html</link>
	<description>rent homes</description>
	<lastBuildDate>Tue, 21 Apr 2015 10:54:13 +0000</lastBuildDate>
	<sy:updatePeriod>
	hourly	</sy:updatePeriod>
	<sy:updateFrequency>
	1	</sy:updateFrequency>
	<generator>https://wordpress.org/?v=6.1.1</generator>
	<item>
		<title>
		By: Loraine		</title>
		<link>./../index.html#comment-8</link>

		<dc:creator><![CDATA[Loraine]]></dc:creator>
		<pubDate>Tue, 21 Apr 2015 10:54:13 +0000</pubDate>
		<guid isPermaLink="false">http://demo1.wprentals.org/?p=190#comment-8</guid>

					<description><![CDATA[This site was very easy to use. I needed a place in NYC and found pone in my budget big enough for me and some friends. We paid on the website and everything worked out great!]]></description>
			<content:encoded><![CDATA[<p>This site was very easy to use. I needed a place in NYC and found pone in my budget big enough for me and some friends. We paid on the website and everything worked out great!</p>
]]></content:encoded>
		
			</item>
	</channel>
</rss>
