<?xml version="1.0" encoding="UTF-8"?><rss version="2.0"
	xmlns:content="http://purl.org/rss/1.0/modules/content/"
	xmlns:dc="http://purl.org/dc/elements/1.1/"
	xmlns:atom="http://www.w3.org/2005/Atom"
	xmlns:sy="http://purl.org/rss/1.0/modules/syndication/"
	
	>
<channel>
	<title>
	Comments on: Cozy House In The Sunnyside	</title>
	<atom:link href="./index.html" rel="self" type="application/rss+xml" />
	<link>./../index.html</link>
	<description>rent homes</description>
	<lastBuildDate>Tue, 17 Nov 2015 15:07:24 +0000</lastBuildDate>
	<sy:updatePeriod>
	hourly	</sy:updatePeriod>
	<sy:updateFrequency>
	1	</sy:updateFrequency>
	<generator>https://wordpress.org/?v=6.1.1</generator>
	<item>
		<title>
		By: amberdemo		</title>
		<link>./../index.html#comment-3</link>

		<dc:creator><![CDATA[amberdemo]]></dc:creator>
		<pubDate>Tue, 17 Nov 2015 15:07:24 +0000</pubDate>
		<guid isPermaLink="false">http://demo1.wprentals.org/?post_type=estate_property&#038;p=94#comment-3</guid>

					<description><![CDATA[Their flat is beautiful and comfortable, and the set-up with private bathroom is excellent. Their neighborhood has loads of lovely cafes and restaurant within easy walking distance. I wish I could have stayed longer. If they are free, I would love to stay with them when next visiting Istanbul. YOU SHOULD STAY HERE. I cannot recommend their place highly enough. ]]></description>
			<content:encoded><![CDATA[<p>Their flat is beautiful and comfortable, and the set-up with private bathroom is excellent. Their neighborhood has loads of lovely cafes and restaurant within easy walking distance. I wish I could have stayed longer. If they are free, I would love to stay with them when next visiting Istanbul. YOU SHOULD STAY HERE. I cannot recommend their place highly enough. </p>
]]></content:encoded>
		
			</item>
	</channel>
</rss>
