<?xml version="1.0" encoding="UTF-8"?><rss version="2.0"
	xmlns:content="http://purl.org/rss/1.0/modules/content/"
	xmlns:dc="http://purl.org/dc/elements/1.1/"
	xmlns:atom="http://www.w3.org/2005/Atom"
	xmlns:sy="http://purl.org/rss/1.0/modules/syndication/"
	
	>
<channel>
	<title>
	Comments on: 10 Best September Vacations	</title>
	<atom:link href="./index.html" rel="self" type="application/rss+xml" />
	<link>./../index.html</link>
	<description>rent homes</description>
	<lastBuildDate>Tue, 21 Apr 2015 11:42:53 +0000</lastBuildDate>
	<sy:updatePeriod>
	hourly	</sy:updatePeriod>
	<sy:updateFrequency>
	1	</sy:updateFrequency>
	<generator>https://wordpress.org/?v=6.1.1</generator>
	<item>
		<title>
		By: Sophie		</title>
		<link>./../index.html#comment-10</link>

		<dc:creator><![CDATA[Sophie]]></dc:creator>
		<pubDate>Tue, 21 Apr 2015 11:42:53 +0000</pubDate>
		<guid isPermaLink="false">http://demo1.wprentals.org/?p=192#comment-10</guid>

					<description><![CDATA[WP Rentals can benefit both hosts and travelers. Hosts get to meet people from around the world while making a little extra money, and travelers can often stay for less than the cost of a hotel room. In addition, many travelers enjoy accommodations that offer a different experience from standard hotels.]]></description>
			<content:encoded><![CDATA[<p>WP Rentals can benefit both hosts and travelers. Hosts get to meet people from around the world while making a little extra money, and travelers can often stay for less than the cost of a hotel room. In addition, many travelers enjoy accommodations that offer a different experience from standard hotels.</p>
]]></content:encoded>
		
			</item>
		<item>
		<title>
		By: Gina		</title>
		<link>./../index.html#comment-9</link>

		<dc:creator><![CDATA[Gina]]></dc:creator>
		<pubDate>Tue, 21 Apr 2015 11:42:21 +0000</pubDate>
		<guid isPermaLink="false">http://demo1.wprentals.org/?p=192#comment-9</guid>

					<description><![CDATA[In the past, these types of services have been used largely by thrifty tourists looking for the cheapest place they can find in a particular city. Now, however, more and more business travelers and professionals are looking to WP Rentals for a unique and memorable experience.]]></description>
			<content:encoded><![CDATA[<p>In the past, these types of services have been used largely by thrifty tourists looking for the cheapest place they can find in a particular city. Now, however, more and more business travelers and professionals are looking to WP Rentals for a unique and memorable experience.</p>
]]></content:encoded>
		
			</item>
	</channel>
</rss>
