<?xml version="1.0" encoding="UTF-8"?><rss version="2.0"
	xmlns:content="http://purl.org/rss/1.0/modules/content/"
	xmlns:wfw="http://wellformedweb.org/CommentAPI/"
	xmlns:dc="http://purl.org/dc/elements/1.1/"
	xmlns:atom="http://www.w3.org/2005/Atom"
	xmlns:sy="http://purl.org/rss/1.0/modules/syndication/"
	xmlns:slash="http://purl.org/rss/1.0/modules/slash/"
	>

<channel>
	<title>Condos &#8211; rent homes</title>
	<atom:link href="./index.html" rel="self" type="application/rss+xml" />
	<link>./../../../index.html</link>
	<description>rent homes</description>
	<lastBuildDate>Thu, 16 Apr 2015 09:31:41 +0000</lastBuildDate>
	<language>en-US</language>
	<sy:updatePeriod>
	hourly	</sy:updatePeriod>
	<sy:updateFrequency>
	1	</sy:updateFrequency>
	<generator>https://wordpress.org/?v=6.1.1</generator>

<image>
	<url>./../../../wp-content/uploads/2023/01/Palm-realestate-logo-on-transparent-background-PNG-60x60.png</url>
	<title>Condos &#8211; rent homes</title>
	<link>./../../../index.html</link>
	<width>32</width>
	<height>32</height>
</image> 
	<item>
		<title>Nice Terrace Condo Penn Station</title>
		<link>./../../../properties/terrace-condo-penn-station/index.html</link>
					<comments>./../../../properties/terrace-condo-penn-station/index.html#respond</comments>
		
		<dc:creator><![CDATA[secure99]]></dc:creator>
		<pubDate>Thu, 16 Apr 2015 09:31:41 +0000</pubDate>
				<guid isPermaLink="false">http://demo1.wprentals.org/?post_type=estate_property&#038;p=133</guid>

					<description><![CDATA[Renting a beautiful, modern one-bedroom in a new condo building (completed 2012) one block from Penn Station and MSG. Queen bed, large living room couch, full kitchen, washer/dryer unit, fireplace. Huge terrace with covered furniture. Ultra clean. Some unique amenities: private outdoor terrace, an electric fireplace, private washer/dryer. It&#8217;s right by Penn Station, which means ...]]></description>
										<content:encoded><![CDATA[<p>Renting a beautiful, modern one-bedroom in a new condo building (completed 2012) one block from Penn Station and MSG. Queen bed, large living room couch, full kitchen, washer/dryer unit, fireplace. Huge terrace with covered furniture. Ultra clean.</p>
<p>Some unique amenities: private outdoor terrace, an electric fireplace, private washer/dryer. It&#8217;s right by Penn Station, which means you have instant access to all the subways, buses, and trains. Only 10 blocks from Times Square, a few blocks from Herald Square, and at the north part of Chelsea and Madison Square Park. You&#8217;ll have a one bedroom apartment with a big couch in the living room, and a full kitchen.</p>
]]></content:encoded>
					
					<wfw:commentRss>./../../../properties/terrace-condo-penn-station/feed/index.html</wfw:commentRss>
			<slash:comments>0</slash:comments>
		
		
			</item>
		<item>
		<title>2 Bedrooms Video</title>
		<link>./../../../properties/2-bedrooms-condo/index.html</link>
					<comments>./../../../properties/2-bedrooms-condo/index.html#respond</comments>
		
		<dc:creator><![CDATA[secure99]]></dc:creator>
		<pubDate>Thu, 16 Apr 2015 09:22:05 +0000</pubDate>
				<guid isPermaLink="false">http://demo1.wprentals.org/?post_type=estate_property&#038;p=129</guid>

					<description><![CDATA[Located in the heart of Greenwich Village, This building is wonderfully situated on a quiet tree–lined street between West 4th Street and Bleecker Street, Close to all West Village eateries, shops and clubs, this building is just a short walk from Soho, Tribeca, Little Italy and Chinatown. The subway is only one block away. *The ...]]></description>
										<content:encoded><![CDATA[<p>Located in the heart of Greenwich Village, This building is wonderfully situated on a quiet tree–lined street between West 4th Street and Bleecker Street, Close to all West Village eateries, shops and clubs, this building is just a short walk from Soho, Tribeca, Little Italy and Chinatown. The subway is only one block away.</p>
<p>*The Place*</p>
<p>Bedroom one: Large Quite.<br />
-Queen Size bed with lots of extra pillows and down comforters.<br />
-bedside drawer w/lamp</p>
<p>Bedroom 2:<br />
-Queen size bed<br />
-bedside drawer w/lamp</p>
]]></content:encoded>
					
					<wfw:commentRss>./../../../properties/2-bedrooms-condo/feed/index.html</wfw:commentRss>
			<slash:comments>0</slash:comments>
		
		
			</item>
	</channel>
</rss>
