<?xml version="1.0" encoding="UTF-8"?><rss version="2.0"
	xmlns:content="http://purl.org/rss/1.0/modules/content/"
	xmlns:dc="http://purl.org/dc/elements/1.1/"
	xmlns:atom="http://www.w3.org/2005/Atom"
	xmlns:sy="http://purl.org/rss/1.0/modules/syndication/"
	
	>
<channel>
	<title>
	Comments on: Best Beaches For Holiday	</title>
	<atom:link href="./index.html" rel="self" type="application/rss+xml" />
	<link>./../index.html</link>
	<description>rent homes</description>
	<lastBuildDate>Tue, 21 Apr 2015 11:43:55 +0000</lastBuildDate>
	<sy:updatePeriod>
	hourly	</sy:updatePeriod>
	<sy:updateFrequency>
	1	</sy:updateFrequency>
	<generator>https://wordpress.org/?v=6.1.1</generator>
	<item>
		<title>
		By: Laura		</title>
		<link>./../index.html#comment-11</link>

		<dc:creator><![CDATA[Laura]]></dc:creator>
		<pubDate>Tue, 21 Apr 2015 11:43:55 +0000</pubDate>
		<guid isPermaLink="false">http://demo1.wprentals.org/?p=200#comment-11</guid>

					<description><![CDATA[WP Rentals can benefit both hosts and travelers. Hosts get to meet people from around the world while making a little extra money, and travelers can often stay for less than the cost of a hotel room. In addition, many travelers enjoy accommodations that offer a different experience from standard hotels.]]></description>
			<content:encoded><![CDATA[<p>WP Rentals can benefit both hosts and travelers. Hosts get to meet people from around the world while making a little extra money, and travelers can often stay for less than the cost of a hotel room. In addition, many travelers enjoy accommodations that offer a different experience from standard hotels.</p>
]]></content:encoded>
		
			</item>
	</channel>
</rss>
