<?xml version="1.0" encoding="UTF-8"?><rss version="2.0"
	xmlns:content="http://purl.org/rss/1.0/modules/content/"
	xmlns:dc="http://purl.org/dc/elements/1.1/"
	xmlns:atom="http://www.w3.org/2005/Atom"
	xmlns:sy="http://purl.org/rss/1.0/modules/syndication/"
	
	>
<channel>
	<title>
	Comments on: Downtown apartment	</title>
	<atom:link href="./index.html" rel="self" type="application/rss+xml" />
	<link>./../index.html</link>
	<description>rent homes</description>
	<lastBuildDate>Tue, 17 Nov 2015 15:08:55 +0000</lastBuildDate>
	<sy:updatePeriod>
	hourly	</sy:updatePeriod>
	<sy:updateFrequency>
	1	</sy:updateFrequency>
	<generator>https://wordpress.org/?v=6.1.1</generator>
	<item>
		<title>
		By: amberdemo		</title>
		<link>./../index.html#comment-2</link>

		<dc:creator><![CDATA[amberdemo]]></dc:creator>
		<pubDate>Tue, 17 Nov 2015 15:08:55 +0000</pubDate>
		<guid isPermaLink="false">http://demo1.wprentals.org/?post_type=estate_property&#038;p=10#comment-2</guid>

					<description><![CDATA[The flat was very clean and perfectly in line with the pictures, close to arsenal station and very quiet. We will return definitely. ]]></description>
			<content:encoded><![CDATA[<p>The flat was very clean and perfectly in line with the pictures, close to arsenal station and very quiet. We will return definitely. </p>
]]></content:encoded>
		
			</item>
	</channel>
</rss>
