<?xml version="1.0" encoding="UTF-8"?><rss version="2.0"
	xmlns:content="http://purl.org/rss/1.0/modules/content/"
	xmlns:dc="http://purl.org/dc/elements/1.1/"
	xmlns:atom="http://www.w3.org/2005/Atom"
	xmlns:sy="http://purl.org/rss/1.0/modules/syndication/"
	
	>
<channel>
	<title>
	Comments on: Offering a Welcoming Space	</title>
	<atom:link href="./index.html" rel="self" type="application/rss+xml" />
	<link>./../index.html</link>
	<description>rent homes</description>
	<lastBuildDate>Tue, 21 Apr 2015 11:23:03 +0000</lastBuildDate>
	<sy:updatePeriod>
	hourly	</sy:updatePeriod>
	<sy:updateFrequency>
	1	</sy:updateFrequency>
	<generator>https://wordpress.org/?v=6.1.1</generator>
	<item>
		<title>
		By: Simone		</title>
		<link>./../index.html#comment-15</link>

		<dc:creator><![CDATA[Simone]]></dc:creator>
		<pubDate>Tue, 21 Apr 2015 11:23:03 +0000</pubDate>
		<guid isPermaLink="false">http://demo1.wprentals.org/?p=220#comment-15</guid>

					<description><![CDATA[In reply to &lt;a href=&quot;./../index.html#comment-13&quot;&gt;Laura&lt;/a&gt;.

We want the 2015 WP Rentals to inspire, equip, and celebrate you. And we want to gather with the host community to learn how to do what we do better. Let’s make this year’s summit one to remember! Stay tuned as we reveal exciting details in the days to come.]]></description>
			<content:encoded><![CDATA[<p>In reply to <a href="./../index.html#comment-13">Laura</a>.</p>
<p>We want the 2015 WP Rentals to inspire, equip, and celebrate you. And we want to gather with the host community to learn how to do what we do better. Let’s make this year’s summit one to remember! Stay tuned as we reveal exciting details in the days to come.</p>
]]></content:encoded>
		
			</item>
		<item>
		<title>
		By: Simone		</title>
		<link>./../index.html#comment-14</link>

		<dc:creator><![CDATA[Simone]]></dc:creator>
		<pubDate>Tue, 21 Apr 2015 11:20:00 +0000</pubDate>
		<guid isPermaLink="false">http://demo1.wprentals.org/?p=220#comment-14</guid>

					<description><![CDATA[WP Rentals can benefit both hosts and travelers. Hosts get to meet people from around the world while making a little extra money, and travelers can often stay for less than the cost of a hotel room. In addition, many travelers enjoy accommodations that offer a different experience from standard hotels.]]></description>
			<content:encoded><![CDATA[<p>WP Rentals can benefit both hosts and travelers. Hosts get to meet people from around the world while making a little extra money, and travelers can often stay for less than the cost of a hotel room. In addition, many travelers enjoy accommodations that offer a different experience from standard hotels.</p>
]]></content:encoded>
		
			</item>
		<item>
		<title>
		By: Laura		</title>
		<link>./../index.html#comment-13</link>

		<dc:creator><![CDATA[Laura]]></dc:creator>
		<pubDate>Tue, 21 Apr 2015 11:19:20 +0000</pubDate>
		<guid isPermaLink="false">http://demo1.wprentals.org/?p=220#comment-13</guid>

					<description><![CDATA[In the past, these types of services have been used largely by thrifty tourists looking for the cheapest place they can find in a particular city. Now, however, more and more business travelers and professionals are looking to WP Rentals for a unique and memorable experience.]]></description>
			<content:encoded><![CDATA[<p>In the past, these types of services have been used largely by thrifty tourists looking for the cheapest place they can find in a particular city. Now, however, more and more business travelers and professionals are looking to WP Rentals for a unique and memorable experience.</p>
]]></content:encoded>
		
			</item>
		<item>
		<title>
		By: Simone		</title>
		<link>./../index.html#comment-12</link>

		<dc:creator><![CDATA[Simone]]></dc:creator>
		<pubDate>Tue, 21 Apr 2015 11:00:32 +0000</pubDate>
		<guid isPermaLink="false">http://demo1.wprentals.org/?p=220#comment-12</guid>

					<description><![CDATA[WP Rentals has been the best platform for me because of the people that I met, the money that i make, if any problem comes up costumer service is ALWAYS there. Literally the guys are trying their best! My profile has over 160 reviews and all my listings are book 3 months ahead!]]></description>
			<content:encoded><![CDATA[<p>WP Rentals has been the best platform for me because of the people that I met, the money that i make, if any problem comes up costumer service is ALWAYS there. Literally the guys are trying their best! My profile has over 160 reviews and all my listings are book 3 months ahead!</p>
]]></content:encoded>
		
			</item>
	</channel>
</rss>
