<?xml version="1.0" encoding="UTF-8"?><rss version="2.0"
	xmlns:content="http://purl.org/rss/1.0/modules/content/"
	xmlns:dc="http://purl.org/dc/elements/1.1/"
	xmlns:atom="http://www.w3.org/2005/Atom"
	xmlns:sy="http://purl.org/rss/1.0/modules/syndication/"
	
	>
<channel>
	<title>
	Comments on: How to be a Great Host	</title>
	<atom:link href="./index.html" rel="self" type="application/rss+xml" />
	<link>./../index.html</link>
	<description>rent homes</description>
	<lastBuildDate>Tue, 21 Apr 2015 11:17:52 +0000</lastBuildDate>
	<sy:updatePeriod>
	hourly	</sy:updatePeriod>
	<sy:updateFrequency>
	1	</sy:updateFrequency>
	<generator>https://wordpress.org/?v=6.1.1</generator>
	<item>
		<title>
		By: Laura		</title>
		<link>./../index.html#comment-17</link>

		<dc:creator><![CDATA[Laura]]></dc:creator>
		<pubDate>Tue, 21 Apr 2015 11:17:52 +0000</pubDate>
		<guid isPermaLink="false">http://demo1.wprentals.org/?p=230#comment-17</guid>

					<description><![CDATA[In the past, these types of services have been used largely by thrifty tourists looking for the cheapest place they can find in a particular city. Now, however, more and more business travelers and professionals are looking to WP Rentals for a unique and memorable experience.]]></description>
			<content:encoded><![CDATA[<p>In the past, these types of services have been used largely by thrifty tourists looking for the cheapest place they can find in a particular city. Now, however, more and more business travelers and professionals are looking to WP Rentals for a unique and memorable experience.</p>
]]></content:encoded>
		
			</item>
		<item>
		<title>
		By: Jenny		</title>
		<link>./../index.html#comment-16</link>

		<dc:creator><![CDATA[Jenny]]></dc:creator>
		<pubDate>Tue, 21 Apr 2015 11:00:10 +0000</pubDate>
		<guid isPermaLink="false">http://demo1.wprentals.org/?p=230#comment-16</guid>

					<description><![CDATA[WP Rentals has been the best platform for me because of the people that I met, the money that i make, if any problem comes up costumer service is ALWAYS there. Literally the guys are trying their best! My profile has over 160 reviews and all my listings are book 3 months ahead!]]></description>
			<content:encoded><![CDATA[<p>WP Rentals has been the best platform for me because of the people that I met, the money that i make, if any problem comes up costumer service is ALWAYS there. Literally the guys are trying their best! My profile has over 160 reviews and all my listings are book 3 months ahead!</p>
]]></content:encoded>
		
			</item>
	</channel>
</rss>
