<?xml version="1.0" encoding="UTF-8"?><rss version="2.0"
	xmlns:content="http://purl.org/rss/1.0/modules/content/"
	xmlns:wfw="http://wellformedweb.org/CommentAPI/"
	xmlns:dc="http://purl.org/dc/elements/1.1/"
	xmlns:atom="http://www.w3.org/2005/Atom"
	xmlns:sy="http://purl.org/rss/1.0/modules/syndication/"
	xmlns:slash="http://purl.org/rss/1.0/modules/slash/"
	>

<channel>
	<title>Baltimore &#8211; rent homes</title>
	<atom:link href="./index.html" rel="self" type="application/rss+xml" />
	<link>./../../../index.html</link>
	<description>rent homes</description>
	<lastBuildDate>Thu, 16 Apr 2015 10:07:19 +0000</lastBuildDate>
	<language>en-US</language>
	<sy:updatePeriod>
	hourly	</sy:updatePeriod>
	<sy:updateFrequency>
	1	</sy:updateFrequency>
	<generator>https://wordpress.org/?v=6.1.1</generator>

<image>
	<url>./../../../wp-content/uploads/2023/01/Palm-realestate-logo-on-transparent-background-PNG-60x60.png</url>
	<title>Baltimore &#8211; rent homes</title>
	<link>./../../../index.html</link>
	<width>32</width>
	<height>32</height>
</image> 
	<item>
		<title>West Town 3rd Floor Dorm</title>
		<link>./../../../properties/west-town-3rd-floor-dorm/index.html</link>
					<comments>./../../../properties/west-town-3rd-floor-dorm/index.html#respond</comments>
		
		<dc:creator><![CDATA[secure99]]></dc:creator>
		<pubDate>Thu, 16 Apr 2015 10:07:19 +0000</pubDate>
				<guid isPermaLink="false">http://demo1.wprentals.org/?post_type=estate_property&#038;p=149</guid>

					<description><![CDATA[Beautiful 3rd floor P/House w/in a short walk/drive to restaurants, stores and public trans. Private room/bath featuring top amenities. HDTV, internet, biz center (in room), washer/dryer, wine fridge, gas fireplace, surround sound, private roof deck. One bus ride away from subway. Wifi, eat in kitchen, cable tshopsv, warm host family, and a small lovable dog. ...]]></description>
										<content:encoded><![CDATA[<p>Beautiful 3rd floor P/House w/in a short walk/drive to restaurants, stores and public trans. Private room/bath featuring top amenities. HDTV, internet, biz center (in room), washer/dryer, wine fridge, gas fireplace, surround sound, private roof deck.</p>
<p>One bus ride away from subway. Wifi, eat in kitchen, cable tshopsv, warm host family, and a small lovable dog. Full breakfast included in price. Few stores at end of street, and minutes from Mattapan Square.</p>
]]></content:encoded>
					
					<wfw:commentRss>./../../../properties/west-town-3rd-floor-dorm/feed/index.html</wfw:commentRss>
			<slash:comments>0</slash:comments>
		
		
			</item>
		<item>
		<title>Sunny Dorm in West Town Left Sidebar</title>
		<link>./../../../properties/sunny-dorm-in-west-town/index.html</link>
					<comments>./../../../properties/sunny-dorm-in-west-town/index.html#comments</comments>
		
		<dc:creator><![CDATA[secure99]]></dc:creator>
		<pubDate>Sun, 12 Apr 2015 09:58:28 +0000</pubDate>
				<guid isPermaLink="false">http://demo1.wprentals.org/?post_type=estate_property&#038;p=145</guid>

					<description><![CDATA[Welcome to an original, atypical Paris stay on the river in front of the world&#8217;s most iconic landmark &#8211; sparkling at night! View from Montmartre (Sacré Coeur) to the Bir Hakeim Bridge &#8211; an amazing iron structure shown in many movies (Last Tango in Paris, Inception&#8230;). My beautiful and spacious second floor walk up offers ...]]></description>
										<content:encoded><![CDATA[<p>Welcome to an original, atypical Paris stay on the river in front of the world&#8217;s most iconic landmark &#8211; sparkling at night! View from Montmartre (Sacré Coeur) to the Bir Hakeim Bridge &#8211; an amazing iron structure shown in many movies (Last Tango in Paris, Inception&#8230;).</p>
<p>My beautiful and spacious second floor walk up offers a private bedroom that comfortably fits two. Walking distance to the best eats on Randolph Street&#8217;s restaurant row, cta&#8217;s blue line, and West Town bars.</p>
<p>Many public transit :<br />
*BatoBus : shuttle service on the river, pass for several days, main spots in Paris.<br />
*bus 72 all along the Seine (direct for Concorde, Louvre, Hotel de Ville)<br />
*metro Passy, 4 stations to Champs Elysées<br />
*RER ligne C direct to Musée d&#8217;Orsay, Invalides, ND cathedrale, Quartier Latin&#8230;</p>
]]></content:encoded>
					
					<wfw:commentRss>./../../../properties/sunny-dorm-in-west-town/feed/index.html</wfw:commentRss>
			<slash:comments>1</slash:comments>
		
		
			</item>
	</channel>
</rss>
