<?xml version="1.0" encoding="UTF-8"?><rss version="2.0"
	xmlns:content="http://purl.org/rss/1.0/modules/content/"
	xmlns:dc="http://purl.org/dc/elements/1.1/"
	xmlns:atom="http://www.w3.org/2005/Atom"
	xmlns:sy="http://purl.org/rss/1.0/modules/syndication/"
	
	>
<channel>
	<title>
	Comments on: Sunny 2 Bedrooms Video	</title>
	<atom:link href="./index.html" rel="self" type="application/rss+xml" />
	<link>./../index.html</link>
	<description>rent homes</description>
	<lastBuildDate>Tue, 17 Nov 2015 15:08:00 +0000</lastBuildDate>
	<sy:updatePeriod>
	hourly	</sy:updatePeriod>
	<sy:updateFrequency>
	1	</sy:updateFrequency>
	<generator>https://wordpress.org/?v=6.1.1</generator>
	<item>
		<title>
		By: amberdemo		</title>
		<link>./../index.html#comment-5</link>

		<dc:creator><![CDATA[amberdemo]]></dc:creator>
		<pubDate>Tue, 17 Nov 2015 15:08:00 +0000</pubDate>
		<guid isPermaLink="false">http://demo1.wprentals.org/?post_type=estate_property&#038;p=107#comment-5</guid>

					<description><![CDATA[My stay with Paul and Yvonne was quite nice. They were extremely welcoming and helpful, providing tons of information about their neighborhood and Istanbul in general. I would stay with them again, and hope to do so. Delightful people! ]]></description>
			<content:encoded><![CDATA[<p>My stay with Paul and Yvonne was quite nice. They were extremely welcoming and helpful, providing tons of information about their neighborhood and Istanbul in general. I would stay with them again, and hope to do so. Delightful people! </p>
]]></content:encoded>
		
			</item>
	</channel>
</rss>
